-- phpMyAdmin SQL Dump
-- version 5.2.1
-- https://www.phpmyadmin.net/
--
-- Host: 127.0.0.1
-- Generation Time: Jun 24, 2023 at 06:39 PM
-- Server version: 10.4.28-MariaDB
-- PHP Version: 8.2.4

SET SQL_MODE = "NO_AUTO_VALUE_ON_ZERO";
START TRANSACTION;
SET time_zone = "+00:00";


/*!40101 SET @OLD_CHARACTER_SET_CLIENT=@@CHARACTER_SET_CLIENT */;
/*!40101 SET @OLD_CHARACTER_SET_RESULTS=@@CHARACTER_SET_RESULTS */;
/*!40101 SET @OLD_COLLATION_CONNECTION=@@COLLATION_CONNECTION */;
/*!40101 SET NAMES utf8mb4 */;

--
-- Database: `shopping`
--

-- --------------------------------------------------------

--
-- Table structure for table `addresses`
--

CREATE TABLE `addresses` (
  `id` int(11) NOT NULL,
  `userId` int(11) DEFAULT NULL,
  `billingAddress` varchar(255) DEFAULT NULL,
  `biilingCity` varchar(150) DEFAULT NULL,
  `billingState` varchar(100) DEFAULT NULL,
  `billingPincode` int(11) DEFAULT NULL,
  `billingCountry` varchar(100) DEFAULT NULL,
  `shippingAddress` varchar(300) DEFAULT NULL,
  `shippingCity` varchar(150) DEFAULT NULL,
  `shippingState` varchar(100) DEFAULT NULL,
  `shippingPincode` int(11) DEFAULT NULL,
  `shippingCountry` varchar(100) DEFAULT NULL,
  `postingDate` timestamp NULL DEFAULT current_timestamp()
) ENGINE=InnoDB DEFAULT CHARSET=utf8mb4 COLLATE=utf8mb4_general_ci;

--
-- Dumping data for table `addresses`
--

INSERT INTO `addresses` (`id`, `userId`, `billingAddress`, `biilingCity`, `billingState`, `billingPincode`, `billingCountry`, `shippingAddress`, `shippingCity`, `shippingState`, `shippingPincode`, `shippingCountry`, `postingDate`) VALUES
(6, 10, 'The Arc @ Cyberjaya Blocks C & D, Persiaran Bestari, Cyber 11,', 'Cyberjaya', 'Selangor', 63000, 'Malaysia', 'The Arc @ Cyberjaya Blocks C & D, Persiaran Bestari, Cyber 11,', 'Cyberjaya', 'Selangor', 63000, 'Malaysia', '2023-06-20 10:50:44');

-- --------------------------------------------------------

--
-- Table structure for table `cart`
--

CREATE TABLE `cart` (
  `id` int(11) NOT NULL,
  `userID` int(11) NOT NULL,
  `productId` int(11) NOT NULL,
  `productQty` int(11) DEFAULT NULL,
  `postingDate` timestamp NOT NULL DEFAULT current_timestamp()
) ENGINE=InnoDB DEFAULT CHARSET=utf8mb4 COLLATE=utf8mb4_general_ci;

-- --------------------------------------------------------

--
-- Table structure for table `category`
--

CREATE TABLE `category` (
  `id` int(11) NOT NULL,
  `categoryName` varchar(255) DEFAULT NULL,
  `categoryDescription` longtext DEFAULT NULL,
  `creationDate` timestamp NOT NULL DEFAULT current_timestamp(),
  `updationDate` timestamp NULL DEFAULT NULL ON UPDATE current_timestamp(),
  `createdBy` int(11) DEFAULT NULL
) ENGINE=InnoDB DEFAULT CHARSET=latin1 COLLATE=latin1_swedish_ci;

--
-- Dumping data for table `category`
--

INSERT INTO `category` (`id`, `categoryName`, `categoryDescription`, `creationDate`, `updationDate`, `createdBy`) VALUES
(12, 'Moments Collection', 'Ayunae Collection', '2023-06-20 10:36:51', NULL, 1),
(13, 'Raya Collection', 'Ayunae Collection ', '2023-06-20 12:47:28', '2023-06-21 05:09:39', 1);

-- --------------------------------------------------------

--
-- Table structure for table `orders`
--

CREATE TABLE `orders` (
  `id` int(11) NOT NULL,
  `orderNumber` bigint(12) DEFAULT NULL,
  `userId` int(11) DEFAULT NULL,
  `addressId` int(11) DEFAULT NULL,
  `totalAmount` decimal(10,2) DEFAULT NULL,
  `txnType` varchar(200) DEFAULT NULL,
  `txnNumber` varchar(50) DEFAULT NULL,
  `orderStatus` varchar(120) DEFAULT NULL,
  `orderDate` timestamp NOT NULL DEFAULT current_timestamp()
) ENGINE=InnoDB DEFAULT CHARSET=utf8mb4 COLLATE=utf8mb4_general_ci;

--
-- Dumping data for table `orders`
--

INSERT INTO `orders` (`id`, `orderNumber`, `userId`, `addressId`, `totalAmount`, `txnType`, `txnNumber`, `orderStatus`, `orderDate`) VALUES
(14, 885553287, 10, 6, 159.00, 'Internet Banking', '12345', NULL, '2023-06-20 10:51:59');

-- --------------------------------------------------------

--
-- Table structure for table `ordersdetails`
--

CREATE TABLE `ordersdetails` (
  `id` int(11) NOT NULL,
  `orderNumber` bigint(12) DEFAULT NULL,
  `userId` int(11) DEFAULT NULL,
  `productId` int(11) DEFAULT NULL,
  `quantity` int(11) DEFAULT NULL,
  `orderDate` timestamp NOT NULL DEFAULT current_timestamp(),
  `orderStatus` varchar(55) DEFAULT NULL
) ENGINE=InnoDB DEFAULT CHARSET=latin1 COLLATE=latin1_swedish_ci;

--
-- Dumping data for table `ordersdetails`
--

INSERT INTO `ordersdetails` (`id`, `orderNumber`, `userId`, `productId`, `quantity`, `orderDate`, `orderStatus`) VALUES
(18, 885553287, 10, 30, 1, '2023-06-20 10:51:59', NULL);

-- --------------------------------------------------------

--
-- Table structure for table `ordertrackhistory`
--

CREATE TABLE `ordertrackhistory` (
  `id` int(11) NOT NULL,
  `orderId` int(11) DEFAULT NULL,
  `status` varchar(255) DEFAULT NULL,
  `remark` mediumtext DEFAULT NULL,
  `actionBy` int(3) DEFAULT NULL,
  `postingDate` timestamp NOT NULL DEFAULT current_timestamp(),
  `canceledBy` varchar(100) DEFAULT NULL
) ENGINE=InnoDB DEFAULT CHARSET=latin1 COLLATE=latin1_swedish_ci;

-- --------------------------------------------------------

--
-- Table structure for table `products`
--

CREATE TABLE `products` (
  `id` int(11) NOT NULL,
  `category` int(11) NOT NULL,
  `subCategory` int(11) DEFAULT NULL,
  `productName` varchar(255) DEFAULT NULL,
  `productCompany` varchar(255) DEFAULT NULL,
  `productPrice` decimal(10,2) DEFAULT NULL,
  `productPriceBeforeDiscount` decimal(10,2) DEFAULT NULL,
  `productDescription` longtext DEFAULT NULL,
  `productImage1` varchar(255) DEFAULT NULL,
  `productImage2` varchar(255) DEFAULT NULL,
  `productImage3` varchar(255) DEFAULT NULL,
  `shippingCharge` decimal(10,2) DEFAULT NULL,
  `productAvailability` varchar(255) DEFAULT NULL,
  `postingDate` timestamp NULL DEFAULT current_timestamp(),
  `updationDate` timestamp NULL DEFAULT NULL ON UPDATE current_timestamp(),
  `addedBy` int(11) DEFAULT NULL,
  `lastUpdatedBy` int(2) DEFAULT NULL
) ENGINE=InnoDB DEFAULT CHARSET=latin1 COLLATE=latin1_swedish_ci;

--
-- Dumping data for table `products`
--

INSERT INTO `products` (`id`, `category`, `subCategory`, `productName`, `productCompany`, `productPrice`, `productPriceBeforeDiscount`, `productDescription`, `productImage1`, `productImage2`, `productImage3`, `shippingCharge`, `productAvailability`, `postingDate`, `updationDate`, `addedBy`, `lastUpdatedBy`) VALUES
(29, 12, 15, 'Jasmin Dress - Maroon', 'Ayunae', 159.00, 179.00, 'Material - Korean Satin Volle\r\nEasy to iron & least crumple\r\nCooling & soft to skin\r\nDress with pocket', 'e98b80fdbc3e34df01e488f08407ca38.png', '943196dd72f8c08fc94769683036199d.png', 'ceddfa7fb9a8f5850be4c70c338fae4a.png', 5.00, 'In Stock', '2023-06-20 10:42:12', NULL, 1, NULL),
(30, 12, 15, 'Jasmin Dress - Brown', 'Ayunae', 159.00, 179.00, 'Material - Korean Satin Volle\r\nEasy to iron & least crumple\r\nCooling & soft to skin\r\nDress with pocket', '4b1528b6bbdccdd7ff4e2a8ca90aa164.png', 'cb868d711e5209639a46b3f19e87eb22.png', 'e0b24d7cb48e9c1b485f1e16e84b581d.png', 5.00, 'In Stock', '2023-06-20 10:45:56', NULL, 1, NULL),
(32, 13, 19, 'Anna Kurung - Olive', 'Ayunae', 199.00, 219.00, 'Material - Matte Satin\r\nEasy to iron\r\nIncludes belt\r\nDress with pocket\r\n', 'fda1bbfaad32442ee23d322bfad2d493.png', 'bfe2c8e40769706ed8b0eb1e7914ee8e.png', '7c8226786f57e90bba40a92563daf607.png', 5.00, 'In Stock', '2023-06-20 16:43:33', '2023-06-21 05:18:40', 1, 1),
(33, 13, 18, 'Kurung Riau Twist - White & Blue', 'Ayunae', 199.00, 219.00, 'Material - Pearl Linen\r\nComes with detachable belt\r\nSkirt self tie pareo', '082bc3f953a2b537a8b1a9c5221b7925.jpg', '8fc0b47a811409e7529c6b1ca4ceecd3.jpg', '1b2fdc36434659b7cc674d5bbd163d96.jpg', 5.00, 'In Stock', '2023-06-21 05:13:09', '2023-06-21 05:14:18', 1, 1);

-- --------------------------------------------------------

--
-- Table structure for table `subcategory`
--

CREATE TABLE `subcategory` (
  `id` int(11) NOT NULL,
  `categoryid` int(11) DEFAULT NULL,
  `subcategoryName` varchar(255) DEFAULT NULL,
  `creationDate` timestamp NULL DEFAULT current_timestamp(),
  `updationDate` timestamp NULL DEFAULT NULL ON UPDATE current_timestamp(),
  `createdBy` int(11) DEFAULT NULL
) ENGINE=InnoDB DEFAULT CHARSET=latin1 COLLATE=latin1_swedish_ci;

--
-- Dumping data for table `subcategory`
--

INSERT INTO `subcategory` (`id`, `categoryid`, `subcategoryName`, `creationDate`, `updationDate`, `createdBy`) VALUES
(15, 12, 'Jasmine Dress', '2023-06-20 10:37:57', NULL, 1),
(17, 14, 'ayunae test collection', '2023-06-20 12:51:58', NULL, 1),
(18, 13, 'Kurung Riau Twist', '2023-06-21 05:09:52', NULL, 1),
(19, 13, 'Anna Kurung', '2023-06-21 05:16:18', NULL, 1);

-- --------------------------------------------------------

--
-- Table structure for table `tbladmin`
--

CREATE TABLE `tbladmin` (
  `id` int(11) NOT NULL,
  `username` varchar(255) NOT NULL,
  `password` varchar(255) NOT NULL,
  `contactNumber` bigint(12) NOT NULL,
  `creationDate` timestamp NOT NULL DEFAULT current_timestamp(),
  `updationDate` timestamp NULL DEFAULT NULL ON UPDATE current_timestamp()
) ENGINE=InnoDB DEFAULT CHARSET=latin1 COLLATE=latin1_swedish_ci;

--
-- Dumping data for table `tbladmin`
--

INSERT INTO `tbladmin` (`id`, `username`, `password`, `contactNumber`, `creationDate`, `updationDate`) VALUES
(1, 'admin', '827ccb0eea8a706c4c34a16891f84e7b', 45231025890, '2022-01-24 16:21:18', '2023-06-20 10:15:12');

-- --------------------------------------------------------

--
-- Table structure for table `users`
--

CREATE TABLE `users` (
  `id` int(11) NOT NULL,
  `name` varchar(255) DEFAULT NULL,
  `email` varchar(255) DEFAULT NULL,
  `contactno` bigint(11) DEFAULT NULL,
  `password` varchar(255) DEFAULT NULL,
  `regDate` timestamp NOT NULL DEFAULT current_timestamp(),
  `updationDate` timestamp NULL DEFAULT NULL ON UPDATE current_timestamp()
) ENGINE=InnoDB DEFAULT CHARSET=latin1 COLLATE=latin1_swedish_ci;

--
-- Dumping data for table `users`
--

INSERT INTO `users` (`id`, `name`, `email`, `contactno`, `password`, `regDate`, `updationDate`) VALUES
(10, 'Syaza Yusof', 'syaza123@gmail.com', 123456789, 'abbabf1a907ec8f2773e2ef79ef81e47', '2023-06-20 10:31:11', NULL),
(11, 'Aiman Daniel', 'aimandaniel545@gmail.com', 43743247367, '24775f4c046499d6494654258352495a', '2023-06-21 07:13:00', NULL);

-- --------------------------------------------------------

--
-- Table structure for table `wishlist`
--

CREATE TABLE `wishlist` (
  `id` int(11) NOT NULL,
  `userId` int(11) DEFAULT NULL,
  `productId` int(11) DEFAULT NULL,
  `postingDate` timestamp NOT NULL DEFAULT current_timestamp()
) ENGINE=InnoDB DEFAULT CHARSET=latin1 COLLATE=latin1_swedish_ci;

--
-- Dumping data for table `wishlist`
--

INSERT INTO `wishlist` (`id`, `userId`, `productId`, `postingDate`) VALUES
(11, 10, 33, '2023-06-21 07:54:53');

--
-- Indexes for dumped tables
--

--
-- Indexes for table `addresses`
--
ALTER TABLE `addresses`
  ADD PRIMARY KEY (`id`),
  ADD KEY `userrrid` (`userId`);

--
-- Indexes for table `cart`
--
ALTER TABLE `cart`
  ADD PRIMARY KEY (`id`),
  ADD KEY `uiid` (`userID`),
  ADD KEY `piddd` (`productId`);

--
-- Indexes for table `category`
--
ALTER TABLE `category`
  ADD PRIMARY KEY (`id`);

--
-- Indexes for table `orders`
--
ALTER TABLE `orders`
  ADD PRIMARY KEY (`id`),
  ADD KEY `uidddd` (`userId`),
  ADD KEY `addressid` (`addressId`),
  ADD KEY `orderNumber` (`orderNumber`);

--
-- Indexes for table `ordersdetails`
--
ALTER TABLE `ordersdetails`
  ADD PRIMARY KEY (`id`),
  ADD KEY `orderidd` (`orderNumber`),
  ADD KEY `useridd` (`userId`),
  ADD KEY `productiddd` (`productId`);

--
-- Indexes for table `ordertrackhistory`
--
ALTER TABLE `ordertrackhistory`
  ADD PRIMARY KEY (`id`),
  ADD KEY `orderidddddd` (`orderId`);

--
-- Indexes for table `products`
--
ALTER TABLE `products`
  ADD PRIMARY KEY (`id`),
  ADD KEY `catidddd` (`category`),
  ADD KEY `subCategory` (`subCategory`);

--
-- Indexes for table `subcategory`
--
ALTER TABLE `subcategory`
  ADD PRIMARY KEY (`id`),
  ADD KEY `catid` (`categoryid`);

--
-- Indexes for table `tbladmin`
--
ALTER TABLE `tbladmin`
  ADD PRIMARY KEY (`id`);

--
-- Indexes for table `users`
--
ALTER TABLE `users`
  ADD PRIMARY KEY (`id`);

--
-- Indexes for table `wishlist`
--
ALTER TABLE `wishlist`
  ADD PRIMARY KEY (`id`),
  ADD KEY `usseridddd` (`userId`),
  ADD KEY `ppiidd` (`productId`);

--
-- AUTO_INCREMENT for dumped tables
--

--
-- AUTO_INCREMENT for table `addresses`
--
ALTER TABLE `addresses`
  MODIFY `id` int(11) NOT NULL AUTO_INCREMENT, AUTO_INCREMENT=7;

--
-- AUTO_INCREMENT for table `cart`
--
ALTER TABLE `cart`
  MODIFY `id` int(11) NOT NULL AUTO_INCREMENT, AUTO_INCREMENT=27;

--
-- AUTO_INCREMENT for table `category`
--
ALTER TABLE `category`
  MODIFY `id` int(11) NOT NULL AUTO_INCREMENT, AUTO_INCREMENT=15;

--
-- AUTO_INCREMENT for table `orders`
--
ALTER TABLE `orders`
  MODIFY `id` int(11) NOT NULL AUTO_INCREMENT, AUTO_INCREMENT=15;

--
-- AUTO_INCREMENT for table `ordersdetails`
--
ALTER TABLE `ordersdetails`
  MODIFY `id` int(11) NOT NULL AUTO_INCREMENT, AUTO_INCREMENT=19;

--
-- AUTO_INCREMENT for table `ordertrackhistory`
--
ALTER TABLE `ordertrackhistory`
  MODIFY `id` int(11) NOT NULL AUTO_INCREMENT, AUTO_INCREMENT=15;

--
-- AUTO_INCREMENT for table `products`
--
ALTER TABLE `products`
  MODIFY `id` int(11) NOT NULL AUTO_INCREMENT, AUTO_INCREMENT=34;

--
-- AUTO_INCREMENT for table `subcategory`
--
ALTER TABLE `subcategory`
  MODIFY `id` int(11) NOT NULL AUTO_INCREMENT, AUTO_INCREMENT=20;

--
-- AUTO_INCREMENT for table `tbladmin`
--
ALTER TABLE `tbladmin`
  MODIFY `id` int(11) NOT NULL AUTO_INCREMENT, AUTO_INCREMENT=2;

--
-- AUTO_INCREMENT for table `users`
--
ALTER TABLE `users`
  MODIFY `id` int(11) NOT NULL AUTO_INCREMENT, AUTO_INCREMENT=12;

--
-- AUTO_INCREMENT for table `wishlist`
--
ALTER TABLE `wishlist`
  MODIFY `id` int(11) NOT NULL AUTO_INCREMENT, AUTO_INCREMENT=12;
COMMIT;

/*!40101 SET CHARACTER_SET_CLIENT=@OLD_CHARACTER_SET_CLIENT */;
/*!40101 SET CHARACTER_SET_RESULTS=@OLD_CHARACTER_SET_RESULTS */;
/*!40101 SET COLLATION_CONNECTION=@OLD_COLLATION_CONNECTION */;
